question,answer,contexts,ground_truth,faithfulness,answer_relevancy,context_precision,context_recall
1. O que é o ZenML?,"ZenML é um framework de código aberto de MLOps projetado para facilitar a construção e gerenciamento de pipelines de aprendizado de máquina, tornando-os mais organizados e reproduzíveis. Ele fornece uma API limpa em Python que facilita a definição, execução e rastreamento de experimentos de aprendizado de máquina, seguindo as melhores práticas de MLOps. ZenML atua como uma ""cola"" que conecta diferentes partes da infraestrutura de aprendizado de máquina, lidando com tarefas como versionamento de pipelines e gerenciamento de artefatos.","['preprocessing, training, and deployment — each with their own dependencies and requirements. Enter ZenML,\nan open-source MLOps framework designed to make building and managing ML pipelines easier and more\nreproducible.\nWhat is ZenML?\nZenML is a framework that helps data scientists and ML engineers transform their ML workflows into\nproduction-ready pipelines. It provides a clean, Python-first API that makes it easy to define, run, and track your\nML experiments while following MLOps best practices.\nThink of ZenML as the glue that connects different pieces of your ML infrastructure. It handles everything from\npipeline versioning to artifact management, making your ML workflows more organized and reproducible.\nWhy Choose ZenML?'
 ""Conclusion\nZenML provides a solid foundation for building production-ready ML pipelines. By following this guide, you've\nlearned how to:\n• Set up ZenML in your environment\n• Create basic pipelines with steps\n• Use advanced features like custom stacks\n• Follow best practices for ML pipeline development\nAs you continue working with ZenML, explore its integrations with other tools in the ML ecosystem. The\nframework's flexibility and extensibility make it a valuable addition to any MLOps toolkit.\nRemember, the key to successful ML pipelines is not just getting them to work, but making them reproducible,\nmaintainable, and scalable. ZenML helps achieve these goals with its structured approach to pipeline\ndevelopment.\n4 of 4 12/29/25, 16:53""
 ""pipeline versioning to artifact management, making your ML workflows more organized and reproducible.\nWhy Choose ZenML?\nBefore diving into the technical details, let's understand why ZenML might be the right choice for your ML\nprojects:\n1. Framework Agnostic: Works seamlessly with popular ML frameworks like TensorFlow, PyTorch, or\nscikit-learn.\n2. Cloud Native: Designed to run anywhere — locally, on-premise, or in the cloud.\n3. Extensible: Offers a plugin system that lets you integrate with your existing ML tools and services.\n4. Reproducible: Automatically tracks code, data, and model artifacts for each pipeline run.\nSetting Up Your ZenML Environment\nLet's start by setting up ZenML in your development environment. First, you'll need Python 3.7 or later installed.""]","O ZenML é um framework de MLOps de código aberto, extensível e agnóstico a ferramentas, projetado para criar pipelines de aprendizado de máquina prontos para produção.",1.0,0.925031188692443,0.9999999999666667,1.0
2. Qual é o objetivo principal do ZenML para cientistas de dados?,"O principal objetivo do ZenML para cientistas de dados é transformar seus fluxos de trabalho de ML em pipelines prontos para produção, facilitando a definição, execução e rastreamento de experimentos de ML, seguindo as melhores práticas de MLOps.","[""Conclusion\nZenML provides a solid foundation for building production-ready ML pipelines. By following this guide, you've\nlearned how to:\n• Set up ZenML in your environment\n• Create basic pipelines with steps\n• Use advanced features like custom stacks\n• Follow best practices for ML pipeline development\nAs you continue working with ZenML, explore its integrations with other tools in the ML ecosystem. The\nframework's flexibility and extensibility make it a valuable addition to any MLOps toolkit.\nRemember, the key to successful ML pipelines is not just getting them to work, but making them reproducible,\nmaintainable, and scalable. ZenML helps achieve these goals with its structured approach to pipeline\ndevelopment.\n4 of 4 12/29/25, 16:53""
 'preprocessing, training, and deployment — each with their own dependencies and requirements. Enter ZenML,\nan open-source MLOps framework designed to make building and managing ML pipelines easier and more\nreproducible.\nWhat is ZenML?\nZenML is a framework that helps data scientists and ML engineers transform their ML workflows into\nproduction-ready pipelines. It provides a clean, Python-first API that makes it easy to define, run, and track your\nML experiments while following MLOps best practices.\nThink of ZenML as the glue that connects different pieces of your ML infrastructure. It handles everything from\npipeline versioning to artifact management, making your ML workflows more organized and reproducible.\nWhy Choose ZenML?'
 ""pipeline versioning to artifact management, making your ML workflows more organized and reproducible.\nWhy Choose ZenML?\nBefore diving into the technical details, let's understand why ZenML might be the right choice for your ML\nprojects:\n1. Framework Agnostic: Works seamlessly with popular ML frameworks like TensorFlow, PyTorch, or\nscikit-learn.\n2. Cloud Native: Designed to run anywhere — locally, on-premise, or in the cloud.\n3. Extensible: Offers a plugin system that lets you integrate with your existing ML tools and services.\n4. Reproducible: Automatically tracks code, data, and model artifacts for each pipeline run.\nSetting Up Your ZenML Environment\nLet's start by setting up ZenML in your development environment. First, you'll need Python 3.7 or later installed.""]","O objetivo principal é permitir que cientistas de dados se concentrem no desenvolvimento de modelos, enquanto o framework cuida da infraestrutura, garantindo que os fluxos de trabalho sejam reproduzíveis e escaláveis.",1.0,0.9060468999277737,0.5833333333041666,1.0
"3. Por que o ZenML é considerado ""agnóstico a frameworks""?","O ZenML é considerado ""agnóstico a frameworks"" porque ele funciona perfeitamente com frameworks populares de ML, como TensorFlow, PyTorch ou scikit-learn, sem depender exclusivamente de um único framework. Isso significa que os usuários podem escolher o framework que melhor se adapta às suas necessidades e ainda assim utilizar o ZenML para gerenciar seus pipelines de ML de forma eficiente.","['preprocessing, training, and deployment — each with their own dependencies and requirements. Enter ZenML,\nan open-source MLOps framework designed to make building and managing ML pipelines easier and more\nreproducible.\nWhat is ZenML?\nZenML is a framework that helps data scientists and ML engineers transform their ML workflows into\nproduction-ready pipelines. It provides a clean, Python-first API that makes it easy to define, run, and track your\nML experiments while following MLOps best practices.\nThink of ZenML as the glue that connects different pieces of your ML infrastructure. It handles everything from\npipeline versioning to artifact management, making your ML workflows more organized and reproducible.\nWhy Choose ZenML?'
 ""Conclusion\nZenML provides a solid foundation for building production-ready ML pipelines. By following this guide, you've\nlearned how to:\n• Set up ZenML in your environment\n• Create basic pipelines with steps\n• Use advanced features like custom stacks\n• Follow best practices for ML pipeline development\nAs you continue working with ZenML, explore its integrations with other tools in the ML ecosystem. The\nframework's flexibility and extensibility make it a valuable addition to any MLOps toolkit.\nRemember, the key to successful ML pipelines is not just getting them to work, but making them reproducible,\nmaintainable, and scalable. ZenML helps achieve these goals with its structured approach to pipeline\ndevelopment.\n4 of 4 12/29/25, 16:53""
 ""pipeline versioning to artifact management, making your ML workflows more organized and reproducible.\nWhy Choose ZenML?\nBefore diving into the technical details, let's understand why ZenML might be the right choice for your ML\nprojects:\n1. Framework Agnostic: Works seamlessly with popular ML frameworks like TensorFlow, PyTorch, or\nscikit-learn.\n2. Cloud Native: Designed to run anywhere — locally, on-premise, or in the cloud.\n3. Extensible: Offers a plugin system that lets you integrate with your existing ML tools and services.\n4. Reproducible: Automatically tracks code, data, and model artifacts for each pipeline run.\nSetting Up Your ZenML Environment\nLet's start by setting up ZenML in your development environment. First, you'll need Python 3.7 or later installed.""]","Ele é agnóstico porque permite a integração com qualquer biblioteca de ML (como PyTorch, TensorFlow ou Scikit-learn) e ferramentas de infraestrutura (como AWS, GCP, Airflow ou Kubeflow) sem exigir grandes mudanças no código.",1.0,0.904549118625352,0.9999999999666667,1.0
4. Onde o ZenML pode ser executado?,"O ZenML pode ser executado em qualquer lugar - localmente, em ambientes locais ou na nuvem.","[""Conclusion\nZenML provides a solid foundation for building production-ready ML pipelines. By following this guide, you've\nlearned how to:\n• Set up ZenML in your environment\n• Create basic pipelines with steps\n• Use advanced features like custom stacks\n• Follow best practices for ML pipeline development\nAs you continue working with ZenML, explore its integrations with other tools in the ML ecosystem. The\nframework's flexibility and extensibility make it a valuable addition to any MLOps toolkit.\nRemember, the key to successful ML pipelines is not just getting them to work, but making them reproducible,\nmaintainable, and scalable. ZenML helps achieve these goals with its structured approach to pipeline\ndevelopment.\n4 of 4 12/29/25, 16:53""
 'preprocessing, training, and deployment — each with their own dependencies and requirements. Enter ZenML,\nan open-source MLOps framework designed to make building and managing ML pipelines easier and more\nreproducible.\nWhat is ZenML?\nZenML is a framework that helps data scientists and ML engineers transform their ML workflows into\nproduction-ready pipelines. It provides a clean, Python-first API that makes it easy to define, run, and track your\nML experiments while following MLOps best practices.\nThink of ZenML as the glue that connects different pieces of your ML infrastructure. It handles everything from\npipeline versioning to artifact management, making your ML workflows more organized and reproducible.\nWhy Choose ZenML?'
 ""pipeline versioning to artifact management, making your ML workflows more organized and reproducible.\nWhy Choose ZenML?\nBefore diving into the technical details, let's understand why ZenML might be the right choice for your ML\nprojects:\n1. Framework Agnostic: Works seamlessly with popular ML frameworks like TensorFlow, PyTorch, or\nscikit-learn.\n2. Cloud Native: Designed to run anywhere — locally, on-premise, or in the cloud.\n3. Extensible: Offers a plugin system that lets you integrate with your existing ML tools and services.\n4. Reproducible: Automatically tracks code, data, and model artifacts for each pipeline run.\nSetting Up Your ZenML Environment\nLet's start by setting up ZenML in your development environment. First, you'll need Python 3.7 or later installed.""]",Ele pode ser executado localmente (localhost) ou em ambientes de nuvem e orquestradores gerenciados.,1.0,0.906639258517948,0.9999999999666667,1.0
5. Qual versão do Python é necessária para configurar o ambiente ZenML?,Resposta: Python 3.7 ou posterior.,"[""pipeline versioning to artifact management, making your ML workflows more organized and reproducible.\nWhy Choose ZenML?\nBefore diving into the technical details, let's understand why ZenML might be the right choice for your ML\nprojects:\n1. Framework Agnostic: Works seamlessly with popular ML frameworks like TensorFlow, PyTorch, or\nscikit-learn.\n2. Cloud Native: Designed to run anywhere — locally, on-premise, or in the cloud.\n3. Extensible: Offers a plugin system that lets you integrate with your existing ML tools and services.\n4. Reproducible: Automatically tracks code, data, and model artifacts for each pipeline run.\nSetting Up Your ZenML Environment\nLet's start by setting up ZenML in your development environment. First, you'll need Python 3.7 or later installed.""
 ""Setting Up Your ZenML Environment\nLet's start by setting up ZenML in your development environment. First, you'll need Python 3.7 or later installed.\n# Create and activate a virtual environment\npython -m venv zenml-env\nsource zenml-env/bin/activate  # On Windows, use `zenml-env\\Scripts\\activate`\n# Install ZenML\npip install zenml\n# Initialize ZenML\nzenml init\nThe zenml init command creates a .zen directory in your project, which will store your pipeline configurations\nand local database.\nCreating Your First Pipeline\n1 of 4 12/29/25, 16:53Let's create a simple ML pipeline that demonstrates ZenML's core concepts. We'll build a pipeline that:\n1. Loads data\n2. Preprocesses it\n3. Trains a model\n4. Evaluates the results\nHere's how to implement this:\nfrom zenml import pipeline, step""
 'preprocessing, training, and deployment — each with their own dependencies and requirements. Enter ZenML,\nan open-source MLOps framework designed to make building and managing ML pipelines easier and more\nreproducible.\nWhat is ZenML?\nZenML is a framework that helps data scientists and ML engineers transform their ML workflows into\nproduction-ready pipelines. It provides a clean, Python-first API that makes it easy to define, run, and track your\nML experiments while following MLOps best practices.\nThink of ZenML as the glue that connects different pieces of your ML infrastructure. It handles everything from\npipeline versioning to artifact management, making your ML workflows more organized and reproducible.\nWhy Choose ZenML?']",O ZenML requer o Python 3.8 ou superior.,1.0,0.9026333574907469,0.9999999999666667,1.0
6. Qual comando é utilizado para instalar o ZenML via terminal?,"O comando utilizado para instalar o ZenML via terminal é ""pip install zenml"".","[""Setting Up Your ZenML Environment\nLet's start by setting up ZenML in your development environment. First, you'll need Python 3.7 or later installed.\n# Create and activate a virtual environment\npython -m venv zenml-env\nsource zenml-env/bin/activate  # On Windows, use `zenml-env\\Scripts\\activate`\n# Install ZenML\npip install zenml\n# Initialize ZenML\nzenml init\nThe zenml init command creates a .zen directory in your project, which will store your pipeline configurations\nand local database.\nCreating Your First Pipeline\n1 of 4 12/29/25, 16:53Let's create a simple ML pipeline that demonstrates ZenML's core concepts. We'll build a pipeline that:\n1. Loads data\n2. Preprocesses it\n3. Trains a model\n4. Evaluates the results\nHere's how to implement this:\nfrom zenml import pipeline, step""
 ""pipeline versioning to artifact management, making your ML workflows more organized and reproducible.\nWhy Choose ZenML?\nBefore diving into the technical details, let's understand why ZenML might be the right choice for your ML\nprojects:\n1. Framework Agnostic: Works seamlessly with popular ML frameworks like TensorFlow, PyTorch, or\nscikit-learn.\n2. Cloud Native: Designed to run anywhere — locally, on-premise, or in the cloud.\n3. Extensible: Offers a plugin system that lets you integrate with your existing ML tools and services.\n4. Reproducible: Automatically tracks code, data, and model artifacts for each pipeline run.\nSetting Up Your ZenML Environment\nLet's start by setting up ZenML in your development environment. First, you'll need Python 3.7 or later installed.""
 'preprocessing, training, and deployment — each with their own dependencies and requirements. Enter ZenML,\nan open-source MLOps framework designed to make building and managing ML pipelines easier and more\nreproducible.\nWhat is ZenML?\nZenML is a framework that helps data scientists and ML engineers transform their ML workflows into\nproduction-ready pipelines. It provides a clean, Python-first API that makes it easy to define, run, and track your\nML experiments while following MLOps best practices.\nThink of ZenML as the glue that connects different pieces of your ML infrastructure. It handles everything from\npipeline versioning to artifact management, making your ML workflows more organized and reproducible.\nWhy Choose ZenML?']",O comando utilizado é `pip install zenml`.,1.0,0.9259463295864525,0.8333333332916666,1.0
7. O que o comando `zenml init` faz no projeto?,"O comando `zenml init` no projeto ZenML inicializa um novo projeto de ML, criando a estrutura de diretórios e arquivos necessários para começar a construir e gerenciar pipelines de machine learning. Isso inclui a criação de um arquivo `zenml_config.yaml` e um `pyproject.toml`, entre outros arquivos e pastas essenciais para o desenvolvimento de pipelines de ML.","['preprocessing, training, and deployment — each with their own dependencies and requirements. Enter ZenML,\nan open-source MLOps framework designed to make building and managing ML pipelines easier and more\nreproducible.\nWhat is ZenML?\nZenML is a framework that helps data scientists and ML engineers transform their ML workflows into\nproduction-ready pipelines. It provides a clean, Python-first API that makes it easy to define, run, and track your\nML experiments while following MLOps best practices.\nThink of ZenML as the glue that connects different pieces of your ML infrastructure. It handles everything from\npipeline versioning to artifact management, making your ML workflows more organized and reproducible.\nWhy Choose ZenML?'
 ""pyproject.toml file.\n3. Documentation: Document your steps and pipelines using docstrings.\n4. Modularity: Keep steps focused on single tasks for better reusability.\n5. Error Handling: Implement proper error handling in your steps.\nMonitoring and Debugging\nZenML provides several ways to monitor and debug your pipelines:\n# List all pipeline runs\nzenml pipeline runs list\n# Get details about a specific run\nzenml pipeline runs get <run_id>\n# View run artifacts\nzenml artifact list\nYou can also use the ZenML dashboard for a visual interface:\nzenml up\nThis starts a local dashboard where you can view pipeline runs, artifacts, and metrics.\nConclusion\nZenML provides a solid foundation for building production-ready ML pipelines. By following this guide, you've\nlearned how to:""
 ""Conclusion\nZenML provides a solid foundation for building production-ready ML pipelines. By following this guide, you've\nlearned how to:\n• Set up ZenML in your environment\n• Create basic pipelines with steps\n• Use advanced features like custom stacks\n• Follow best practices for ML pipeline development\nAs you continue working with ZenML, explore its integrations with other tools in the ML ecosystem. The\nframework's flexibility and extensibility make it a valuable addition to any MLOps toolkit.\nRemember, the key to successful ML pipelines is not just getting them to work, but making them reproducible,\nmaintainable, and scalable. ZenML helps achieve these goals with its structured approach to pipeline\ndevelopment.\n4 of 4 12/29/25, 16:53""]","O comando `zenml init` inicializa um novo repositório ZenML no diretório atual, criando a estrutura necessária para rastrear seus pipelines e stacks.",0.0,0.8959926676107505,0.3333333333,1.0
8. Quais são as quatro etapas básicas demonstradas no pipeline de exemplo?,"As quatro etapas básicas demonstradas no pipeline de exemplo são: data ingestion, preprocessing, training e deployment.","[""Getting Started with ZenML: Building Production-Ready ML\nPipelines | by Sam Ozturk\nI've created a comprehensive guide about ZenML that covers everything from basic setup to advanced features\nand best practices. The guide includes:\n1. A thorough introduction to ZenML and its benefits\n2. Step-by-step setup instructions\n3. A complete example pipeline using the iris dataset\n4. Detailed explanations of key concepts\n5. Advanced features like stack components and CI/CD integration\n6. Best practices and monitoring tips\nMachine learning pipelines are complex beasts. They involve multiple steps — from data ingestion to\npreprocessing, training, and deployment — each with their own dependencies and requirements. Enter ZenML,""
 ""Conclusion\nZenML provides a solid foundation for building production-ready ML pipelines. By following this guide, you've\nlearned how to:\n• Set up ZenML in your environment\n• Create basic pipelines with steps\n• Use advanced features like custom stacks\n• Follow best practices for ML pipeline development\nAs you continue working with ZenML, explore its integrations with other tools in the ML ecosystem. The\nframework's flexibility and extensibility make it a valuable addition to any MLOps toolkit.\nRemember, the key to successful ML pipelines is not just getting them to work, but making them reproducible,\nmaintainable, and scalable. ZenML helps achieve these goals with its structured approach to pipeline\ndevelopment.\n4 of 4 12/29/25, 16:53""
 ""pyproject.toml file.\n3. Documentation: Document your steps and pipelines using docstrings.\n4. Modularity: Keep steps focused on single tasks for better reusability.\n5. Error Handling: Implement proper error handling in your steps.\nMonitoring and Debugging\nZenML provides several ways to monitor and debug your pipelines:\n# List all pipeline runs\nzenml pipeline runs list\n# Get details about a specific run\nzenml pipeline runs get <run_id>\n# View run artifacts\nzenml artifact list\nYou can also use the ZenML dashboard for a visual interface:\nzenml up\nThis starts a local dashboard where you can view pipeline runs, artifacts, and metrics.\nConclusion\nZenML provides a solid foundation for building production-ready ML pipelines. By following this guide, you've\nlearned how to:""]","As etapas comuns são: ingestão de dados (ingest_data), pré-processamento/limpeza, treinamento do modelo (model_trainer) e avaliação do modelo (evaluation).",1.0,0.9212610224742003,0.9999999999666667,0.0
9. Qual decorador é usado para definir uma tarefa específica dentro de um pipeline?,"O decorador usado para definir uma tarefa específica dentro de um pipeline é o ""@step"" dentro do ZenML.","[""Conclusion\nZenML provides a solid foundation for building production-ready ML pipelines. By following this guide, you've\nlearned how to:\n• Set up ZenML in your environment\n• Create basic pipelines with steps\n• Use advanced features like custom stacks\n• Follow best practices for ML pipeline development\nAs you continue working with ZenML, explore its integrations with other tools in the ML ecosystem. The\nframework's flexibility and extensibility make it a valuable addition to any MLOps toolkit.\nRemember, the key to successful ML pipelines is not just getting them to work, but making them reproducible,\nmaintainable, and scalable. ZenML helps achieve these goals with its structured approach to pipeline\ndevelopment.\n4 of 4 12/29/25, 16:53""
 'understand how your steps are connected and manages their execution.\nArtifacts\nEvery output from a step becomes an artifact that ZenML automatically versions and stores. This makes it easy to\ntrack what data was used for each pipeline run.\nAdvanced Features\nOnce you\'re comfortable with basic pipelines, ZenML offers many advanced features:\nStack Components\nZenML uses ""stacks"" to manage your ML infrastructure. A stack consists of components like:\n• Orchestrators (local, Kubeflow, Airflow)\n• Artifact stores (local, S3, GCS)\n• Experiment trackers (MLflow, Weights & Biases)\nHere\'s how to configure a custom stack:\nfrom zenml.integrations.mlflow.mlflow_experiment_tracker import MLFlowExperimentTracker\n# Register and activate a stack with MLflow tracking'
 ""pyproject.toml file.\n3. Documentation: Document your steps and pipelines using docstrings.\n4. Modularity: Keep steps focused on single tasks for better reusability.\n5. Error Handling: Implement proper error handling in your steps.\nMonitoring and Debugging\nZenML provides several ways to monitor and debug your pipelines:\n# List all pipeline runs\nzenml pipeline runs list\n# Get details about a specific run\nzenml pipeline runs get <run_id>\n# View run artifacts\nzenml artifact list\nYou can also use the ZenML dashboard for a visual interface:\nzenml up\nThis starts a local dashboard where you can view pipeline runs, artifacts, and metrics.\nConclusion\nZenML provides a solid foundation for building production-ready ML pipelines. By following this guide, you've\nlearned how to:""]",O decorador usado para definir uma tarefa é o `@step`.,1.0,0.8481334577874131,0.3333333333,0.0
"10. Como o ZenML define o conceito de ""Steps"" (Etapas)?","O ZenML define o conceito de ""Steps"" como as diferentes etapas de um pipeline de machine learning, desde a ingestão de dados até o pré-processamento, treinamento e implantação. Cada etapa possui suas próprias dependências e requisitos, e o ZenML ajuda a entender como essas etapas estão conectadas e gerencia sua execução.","[""Conclusion\nZenML provides a solid foundation for building production-ready ML pipelines. By following this guide, you've\nlearned how to:\n• Set up ZenML in your environment\n• Create basic pipelines with steps\n• Use advanced features like custom stacks\n• Follow best practices for ML pipeline development\nAs you continue working with ZenML, explore its integrations with other tools in the ML ecosystem. The\nframework's flexibility and extensibility make it a valuable addition to any MLOps toolkit.\nRemember, the key to successful ML pipelines is not just getting them to work, but making them reproducible,\nmaintainable, and scalable. ZenML helps achieve these goals with its structured approach to pipeline\ndevelopment.\n4 of 4 12/29/25, 16:53""
 ""Getting Started with ZenML: Building Production-Ready ML\nPipelines | by Sam Ozturk\nI've created a comprehensive guide about ZenML that covers everything from basic setup to advanced features\nand best practices. The guide includes:\n1. A thorough introduction to ZenML and its benefits\n2. Step-by-step setup instructions\n3. A complete example pipeline using the iris dataset\n4. Detailed explanations of key concepts\n5. Advanced features like stack components and CI/CD integration\n6. Best practices and monitoring tips\nMachine learning pipelines are complex beasts. They involve multiple steps — from data ingestion to\npreprocessing, training, and deployment — each with their own dependencies and requirements. Enter ZenML,""
 'understand how your steps are connected and manages their execution.\nArtifacts\nEvery output from a step becomes an artifact that ZenML automatically versions and stores. This makes it easy to\ntrack what data was used for each pipeline run.\nAdvanced Features\nOnce you\'re comfortable with basic pipelines, ZenML offers many advanced features:\nStack Components\nZenML uses ""stacks"" to manage your ML infrastructure. A stack consists of components like:\n• Orchestrators (local, Kubeflow, Airflow)\n• Artifact stores (local, S3, GCS)\n• Experiment trackers (MLflow, Weights & Biases)\nHere\'s how to configure a custom stack:\nfrom zenml.integrations.mlflow.mlflow_experiment_tracker import MLFlowExperimentTracker\n# Register and activate a stack with MLflow tracking']","Steps são as unidades fundamentais de um pipeline ZenML, representando tarefas modulares de processamento de dados ou treinamento que podem ser versionadas e armazenadas em cache.",1.0,0.9006384427532467,0.9999999999666667,1.0
11. O que acontece com a saída de cada etapa no ZenML?,"No ZenML, a saída de cada etapa é gerenciada e controlada, garantindo que as etapas do pipeline sejam organizadas e reproduzíveis. Isso ajuda a manter a integridade e a rastreabilidade do processo de desenvolvimento do pipeline de ML.","[""Conclusion\nZenML provides a solid foundation for building production-ready ML pipelines. By following this guide, you've\nlearned how to:\n• Set up ZenML in your environment\n• Create basic pipelines with steps\n• Use advanced features like custom stacks\n• Follow best practices for ML pipeline development\nAs you continue working with ZenML, explore its integrations with other tools in the ML ecosystem. The\nframework's flexibility and extensibility make it a valuable addition to any MLOps toolkit.\nRemember, the key to successful ML pipelines is not just getting them to work, but making them reproducible,\nmaintainable, and scalable. ZenML helps achieve these goals with its structured approach to pipeline\ndevelopment.\n4 of 4 12/29/25, 16:53""
 'preprocessing, training, and deployment — each with their own dependencies and requirements. Enter ZenML,\nan open-source MLOps framework designed to make building and managing ML pipelines easier and more\nreproducible.\nWhat is ZenML?\nZenML is a framework that helps data scientists and ML engineers transform their ML workflows into\nproduction-ready pipelines. It provides a clean, Python-first API that makes it easy to define, run, and track your\nML experiments while following MLOps best practices.\nThink of ZenML as the glue that connects different pieces of your ML infrastructure. It handles everything from\npipeline versioning to artifact management, making your ML workflows more organized and reproducible.\nWhy Choose ZenML?'
 ""Getting Started with ZenML: Building Production-Ready ML\nPipelines | by Sam Ozturk\nI've created a comprehensive guide about ZenML that covers everything from basic setup to advanced features\nand best practices. The guide includes:\n1. A thorough introduction to ZenML and its benefits\n2. Step-by-step setup instructions\n3. A complete example pipeline using the iris dataset\n4. Detailed explanations of key concepts\n5. Advanced features like stack components and CI/CD integration\n6. Best practices and monitoring tips\nMachine learning pipelines are complex beasts. They involve multiple steps — from data ingestion to\npreprocessing, training, and deployment — each with their own dependencies and requirements. Enter ZenML,""]","A saída de cada etapa é automaticamente persistida como um 'artefato' no Artifact Store da sua Stack, permitindo o rastreamento e o cache entre execuções.",1.0,0.7918123568612758,0.9999999999666667,1.0
"12. O que é uma ""Stack"" (Pilha) no ZenML?","Uma ""Stack"" no ZenML é um conjunto de componentes que gerenciam a infraestrutura de aprendizado de máquina, como orquestradores, armazenamento de artefatos e rastreadores de experimentos. É uma forma de configurar e personalizar a infraestrutura de ML de acordo com as necessidades do projeto.","[""Conclusion\nZenML provides a solid foundation for building production-ready ML pipelines. By following this guide, you've\nlearned how to:\n• Set up ZenML in your environment\n• Create basic pipelines with steps\n• Use advanced features like custom stacks\n• Follow best practices for ML pipeline development\nAs you continue working with ZenML, explore its integrations with other tools in the ML ecosystem. The\nframework's flexibility and extensibility make it a valuable addition to any MLOps toolkit.\nRemember, the key to successful ML pipelines is not just getting them to work, but making them reproducible,\nmaintainable, and scalable. ZenML helps achieve these goals with its structured approach to pipeline\ndevelopment.\n4 of 4 12/29/25, 16:53""
 'understand how your steps are connected and manages their execution.\nArtifacts\nEvery output from a step becomes an artifact that ZenML automatically versions and stores. This makes it easy to\ntrack what data was used for each pipeline run.\nAdvanced Features\nOnce you\'re comfortable with basic pipelines, ZenML offers many advanced features:\nStack Components\nZenML uses ""stacks"" to manage your ML infrastructure. A stack consists of components like:\n• Orchestrators (local, Kubeflow, Airflow)\n• Artifact stores (local, S3, GCS)\n• Experiment trackers (MLflow, Weights & Biases)\nHere\'s how to configure a custom stack:\nfrom zenml.integrations.mlflow.mlflow_experiment_tracker import MLFlowExperimentTracker\n# Register and activate a stack with MLflow tracking'
 'Here\'s how to configure a custom stack:\nfrom zenml.integrations.mlflow.mlflow_experiment_tracker import MLFlowExperimentTracker\n# Register and activate a stack with MLflow tracking\n!zenml experiment-tracker register mlflow_tracker --flavor=mlflow\n!zenml stack register my_stack -e mlflow_tracker\n!zenml stack set my_stack\nPipeline Configurations\nYou can customize pipeline behavior using configurations:\n@pipeline(enable_cache=False, name=""training_pipeline_v2"")\ndef training_pipeline():\n# Pipeline steps here\npass\nContinuous Integration\nZenML integrates well with CI/CD tools. Here\'s a simple GitHub Actions workflow:\nname: ZenML Pipeline\non: [push]\n3 of 4 12/29/25, 16:53jobs:\nrun-pipeline:\nruns-on: ubuntu-latest\nsteps:\n- uses: actions/checkout@v2\n- name: Set up Python']","Uma Stack é uma configuração de componentes de infraestrutura (como orquestrador, repositório de artefatos e rastreador de experimentos) que define onde e como o pipeline será executado.",1.0,0.8718335662343031,0.9999999999666667,1.0
13. Cite exemplos de componentes que podem fazer parte de uma Stack.,"Exemplos de componentes que podem fazer parte de uma Stack no ZenML incluem Orchestrators (local, Kubeflow, Airflow), Artifact stores (local, S3, GCS) e Experiment trackers (MLflow, Weights & Biases).","['understand how your steps are connected and manages their execution.\nArtifacts\nEvery output from a step becomes an artifact that ZenML automatically versions and stores. This makes it easy to\ntrack what data was used for each pipeline run.\nAdvanced Features\nOnce you\'re comfortable with basic pipelines, ZenML offers many advanced features:\nStack Components\nZenML uses ""stacks"" to manage your ML infrastructure. A stack consists of components like:\n• Orchestrators (local, Kubeflow, Airflow)\n• Artifact stores (local, S3, GCS)\n• Experiment trackers (MLflow, Weights & Biases)\nHere\'s how to configure a custom stack:\nfrom zenml.integrations.mlflow.mlflow_experiment_tracker import MLFlowExperimentTracker\n# Register and activate a stack with MLflow tracking'
 'Here\'s how to configure a custom stack:\nfrom zenml.integrations.mlflow.mlflow_experiment_tracker import MLFlowExperimentTracker\n# Register and activate a stack with MLflow tracking\n!zenml experiment-tracker register mlflow_tracker --flavor=mlflow\n!zenml stack register my_stack -e mlflow_tracker\n!zenml stack set my_stack\nPipeline Configurations\nYou can customize pipeline behavior using configurations:\n@pipeline(enable_cache=False, name=""training_pipeline_v2"")\ndef training_pipeline():\n# Pipeline steps here\npass\nContinuous Integration\nZenML integrates well with CI/CD tools. Here\'s a simple GitHub Actions workflow:\nname: ZenML Pipeline\non: [push]\n3 of 4 12/29/25, 16:53jobs:\nrun-pipeline:\nruns-on: ubuntu-latest\nsteps:\n- uses: actions/checkout@v2\n- name: Set up Python'
 ""Conclusion\nZenML provides a solid foundation for building production-ready ML pipelines. By following this guide, you've\nlearned how to:\n• Set up ZenML in your environment\n• Create basic pipelines with steps\n• Use advanced features like custom stacks\n• Follow best practices for ML pipeline development\nAs you continue working with ZenML, explore its integrations with other tools in the ML ecosystem. The\nframework's flexibility and extensibility make it a valuable addition to any MLOps toolkit.\nRemember, the key to successful ML pipelines is not just getting them to work, but making them reproducible,\nmaintainable, and scalable. ZenML helps achieve these goals with its structured approach to pipeline\ndevelopment.\n4 of 4 12/29/25, 16:53""]","Exemplos incluem Artifact Stores (S3, GCS), Orchestrators (Local, Kubeflow), Experiment Trackers (MLflow, W&B) e Model Deployers (Seldon, BentoML).",1.0,0.8381484621610035,0.9999999999,1.0
14. Como se pode desativar o cache em um pipeline?,"Para desativar o cache em um pipeline no ZenML, você pode configurar a opção `use_cache` como `False` ao definir o pipeline. Isso garantirá que os resultados de cada etapa não sejam armazenados em cache e que cada execução do pipeline seja feita a partir dos dados originais.","['understand how your steps are connected and manages their execution.\nArtifacts\nEvery output from a step becomes an artifact that ZenML automatically versions and stores. This makes it easy to\ntrack what data was used for each pipeline run.\nAdvanced Features\nOnce you\'re comfortable with basic pipelines, ZenML offers many advanced features:\nStack Components\nZenML uses ""stacks"" to manage your ML infrastructure. A stack consists of components like:\n• Orchestrators (local, Kubeflow, Airflow)\n• Artifact stores (local, S3, GCS)\n• Experiment trackers (MLflow, Weights & Biases)\nHere\'s how to configure a custom stack:\nfrom zenml.integrations.mlflow.mlflow_experiment_tracker import MLFlowExperimentTracker\n# Register and activate a stack with MLflow tracking'
 ""Conclusion\nZenML provides a solid foundation for building production-ready ML pipelines. By following this guide, you've\nlearned how to:\n• Set up ZenML in your environment\n• Create basic pipelines with steps\n• Use advanced features like custom stacks\n• Follow best practices for ML pipeline development\nAs you continue working with ZenML, explore its integrations with other tools in the ML ecosystem. The\nframework's flexibility and extensibility make it a valuable addition to any MLOps toolkit.\nRemember, the key to successful ML pipelines is not just getting them to work, but making them reproducible,\nmaintainable, and scalable. ZenML helps achieve these goals with its structured approach to pipeline\ndevelopment.\n4 of 4 12/29/25, 16:53""
 ""pyproject.toml file.\n3. Documentation: Document your steps and pipelines using docstrings.\n4. Modularity: Keep steps focused on single tasks for better reusability.\n5. Error Handling: Implement proper error handling in your steps.\nMonitoring and Debugging\nZenML provides several ways to monitor and debug your pipelines:\n# List all pipeline runs\nzenml pipeline runs list\n# Get details about a specific run\nzenml pipeline runs get <run_id>\n# View run artifacts\nzenml artifact list\nYou can also use the ZenML dashboard for a visual interface:\nzenml up\nThis starts a local dashboard where you can view pipeline runs, artifacts, and metrics.\nConclusion\nZenML provides a solid foundation for building production-ready ML pipelines. By following this guide, you've\nlearned how to:""]","O cache pode ser desativado definindo `enable_cache=False` no decorador `@pipeline` ou `@step`, ou via linha de comando ao executar o pipeline.",1.0,0.8409787730193029,0.0,1.0
15. Com quais tipos de ferramentas o ZenML se integra para automação de processos?,"O ZenML se integra com outras ferramentas no ecossistema de ML para automação de processos, oferecendo flexibilidade e extensibilidade.","[""Conclusion\nZenML provides a solid foundation for building production-ready ML pipelines. By following this guide, you've\nlearned how to:\n• Set up ZenML in your environment\n• Create basic pipelines with steps\n• Use advanced features like custom stacks\n• Follow best practices for ML pipeline development\nAs you continue working with ZenML, explore its integrations with other tools in the ML ecosystem. The\nframework's flexibility and extensibility make it a valuable addition to any MLOps toolkit.\nRemember, the key to successful ML pipelines is not just getting them to work, but making them reproducible,\nmaintainable, and scalable. ZenML helps achieve these goals with its structured approach to pipeline\ndevelopment.\n4 of 4 12/29/25, 16:53""
 'preprocessing, training, and deployment — each with their own dependencies and requirements. Enter ZenML,\nan open-source MLOps framework designed to make building and managing ML pipelines easier and more\nreproducible.\nWhat is ZenML?\nZenML is a framework that helps data scientists and ML engineers transform their ML workflows into\nproduction-ready pipelines. It provides a clean, Python-first API that makes it easy to define, run, and track your\nML experiments while following MLOps best practices.\nThink of ZenML as the glue that connects different pieces of your ML infrastructure. It handles everything from\npipeline versioning to artifact management, making your ML workflows more organized and reproducible.\nWhy Choose ZenML?'
 ""pipeline versioning to artifact management, making your ML workflows more organized and reproducible.\nWhy Choose ZenML?\nBefore diving into the technical details, let's understand why ZenML might be the right choice for your ML\nprojects:\n1. Framework Agnostic: Works seamlessly with popular ML frameworks like TensorFlow, PyTorch, or\nscikit-learn.\n2. Cloud Native: Designed to run anywhere — locally, on-premise, or in the cloud.\n3. Extensible: Offers a plugin system that lets you integrate with your existing ML tools and services.\n4. Reproducible: Automatically tracks code, data, and model artifacts for each pipeline run.\nSetting Up Your ZenML Environment\nLet's start by setting up ZenML in your development environment. First, you'll need Python 3.7 or later installed.""]","Integra-se com ferramentas de CI/CD (GitHub Actions, GitLab CI), orquestradores de workflow (Airflow, Argo) e ferramentas de monitoramento.",1.0,0.8797341878445925,0.49999999995,1.0
"16. Qual é a recomendação de ""Melhor Prática"" para o gerenciamento de requisitos?","A recomendação de ""Melhor Prática"" para o gerenciamento de requisitos é manter os passos focados em tarefas únicas para melhor reutilização.","[""Conclusion\nZenML provides a solid foundation for building production-ready ML pipelines. By following this guide, you've\nlearned how to:\n• Set up ZenML in your environment\n• Create basic pipelines with steps\n• Use advanced features like custom stacks\n• Follow best practices for ML pipeline development\nAs you continue working with ZenML, explore its integrations with other tools in the ML ecosystem. The\nframework's flexibility and extensibility make it a valuable addition to any MLOps toolkit.\nRemember, the key to successful ML pipelines is not just getting them to work, but making them reproducible,\nmaintainable, and scalable. ZenML helps achieve these goals with its structured approach to pipeline\ndevelopment.\n4 of 4 12/29/25, 16:53""
 ""pyproject.toml file.\n3. Documentation: Document your steps and pipelines using docstrings.\n4. Modularity: Keep steps focused on single tasks for better reusability.\n5. Error Handling: Implement proper error handling in your steps.\nMonitoring and Debugging\nZenML provides several ways to monitor and debug your pipelines:\n# List all pipeline runs\nzenml pipeline runs list\n# Get details about a specific run\nzenml pipeline runs get <run_id>\n# View run artifacts\nzenml artifact list\nYou can also use the ZenML dashboard for a visual interface:\nzenml up\nThis starts a local dashboard where you can view pipeline runs, artifacts, and metrics.\nConclusion\nZenML provides a solid foundation for building production-ready ML pipelines. By following this guide, you've\nlearned how to:""
 ""Getting Started with ZenML: Building Production-Ready ML\nPipelines | by Sam Ozturk\nI've created a comprehensive guide about ZenML that covers everything from basic setup to advanced features\nand best practices. The guide includes:\n1. A thorough introduction to ZenML and its benefits\n2. Step-by-step setup instructions\n3. A complete example pipeline using the iris dataset\n4. Detailed explanations of key concepts\n5. Advanced features like stack components and CI/CD integration\n6. Best practices and monitoring tips\nMachine learning pipelines are complex beasts. They involve multiple steps — from data ingestion to\npreprocessing, training, and deployment — each with their own dependencies and requirements. Enter ZenML,""]",A recomendação é definir explicitamente as dependências de cada step ou pipeline para garantir que o ambiente de execução seja idêntico ao de desenvolvimento.,1.0,0.8932276807109232,0.5833333333041666,1.0
17. Por que é recomendado manter as etapas (steps) modulares?,"É recomendado manter as etapas (steps) modulares para melhor reusabilidade. Ao manter as etapas focadas em tarefas individuais, torna-se mais fácil reutilizá-las em diferentes pipelines e projetos, aumentando a eficiência e facilitando a manutenção do código.","[""Conclusion\nZenML provides a solid foundation for building production-ready ML pipelines. By following this guide, you've\nlearned how to:\n• Set up ZenML in your environment\n• Create basic pipelines with steps\n• Use advanced features like custom stacks\n• Follow best practices for ML pipeline development\nAs you continue working with ZenML, explore its integrations with other tools in the ML ecosystem. The\nframework's flexibility and extensibility make it a valuable addition to any MLOps toolkit.\nRemember, the key to successful ML pipelines is not just getting them to work, but making them reproducible,\nmaintainable, and scalable. ZenML helps achieve these goals with its structured approach to pipeline\ndevelopment.\n4 of 4 12/29/25, 16:53""
 ""pyproject.toml file.\n3. Documentation: Document your steps and pipelines using docstrings.\n4. Modularity: Keep steps focused on single tasks for better reusability.\n5. Error Handling: Implement proper error handling in your steps.\nMonitoring and Debugging\nZenML provides several ways to monitor and debug your pipelines:\n# List all pipeline runs\nzenml pipeline runs list\n# Get details about a specific run\nzenml pipeline runs get <run_id>\n# View run artifacts\nzenml artifact list\nYou can also use the ZenML dashboard for a visual interface:\nzenml up\nThis starts a local dashboard where you can view pipeline runs, artifacts, and metrics.\nConclusion\nZenML provides a solid foundation for building production-ready ML pipelines. By following this guide, you've\nlearned how to:""
 'understand how your steps are connected and manages their execution.\nArtifacts\nEvery output from a step becomes an artifact that ZenML automatically versions and stores. This makes it easy to\ntrack what data was used for each pipeline run.\nAdvanced Features\nOnce you\'re comfortable with basic pipelines, ZenML offers many advanced features:\nStack Components\nZenML uses ""stacks"" to manage your ML infrastructure. A stack consists of components like:\n• Orchestrators (local, Kubeflow, Airflow)\n• Artifact stores (local, S3, GCS)\n• Experiment trackers (MLflow, Weights & Biases)\nHere\'s how to configure a custom stack:\nfrom zenml.integrations.mlflow.mlflow_experiment_tracker import MLFlowExperimentTracker\n# Register and activate a stack with MLflow tracking']","Para facilitar o reuso de código, permitir o cache individual de etapas que não mudaram e simplificar a depuração de erros isolados.",1.0,0.8951352499386941,0.9999999999666667,
18. Qual comando deve ser usado para listar todas as execuções de um pipeline?,"O comando que deve ser usado para listar todas as execuções de um pipeline é:

zenml pipeline runs list","[""pyproject.toml file.\n3. Documentation: Document your steps and pipelines using docstrings.\n4. Modularity: Keep steps focused on single tasks for better reusability.\n5. Error Handling: Implement proper error handling in your steps.\nMonitoring and Debugging\nZenML provides several ways to monitor and debug your pipelines:\n# List all pipeline runs\nzenml pipeline runs list\n# Get details about a specific run\nzenml pipeline runs get <run_id>\n# View run artifacts\nzenml artifact list\nYou can also use the ZenML dashboard for a visual interface:\nzenml up\nThis starts a local dashboard where you can view pipeline runs, artifacts, and metrics.\nConclusion\nZenML provides a solid foundation for building production-ready ML pipelines. By following this guide, you've\nlearned how to:""
 'understand how your steps are connected and manages their execution.\nArtifacts\nEvery output from a step becomes an artifact that ZenML automatically versions and stores. This makes it easy to\ntrack what data was used for each pipeline run.\nAdvanced Features\nOnce you\'re comfortable with basic pipelines, ZenML offers many advanced features:\nStack Components\nZenML uses ""stacks"" to manage your ML infrastructure. A stack consists of components like:\n• Orchestrators (local, Kubeflow, Airflow)\n• Artifact stores (local, S3, GCS)\n• Experiment trackers (MLflow, Weights & Biases)\nHere\'s how to configure a custom stack:\nfrom zenml.integrations.mlflow.mlflow_experiment_tracker import MLFlowExperimentTracker\n# Register and activate a stack with MLflow tracking'
 ""Conclusion\nZenML provides a solid foundation for building production-ready ML pipelines. By following this guide, you've\nlearned how to:\n• Set up ZenML in your environment\n• Create basic pipelines with steps\n• Use advanced features like custom stacks\n• Follow best practices for ML pipeline development\nAs you continue working with ZenML, explore its integrations with other tools in the ML ecosystem. The\nframework's flexibility and extensibility make it a valuable addition to any MLOps toolkit.\nRemember, the key to successful ML pipelines is not just getting them to work, but making them reproducible,\nmaintainable, and scalable. ZenML helps achieve these goals with its structured approach to pipeline\ndevelopment.\n4 of 4 12/29/25, 16:53""]",Utiliza-se o comando `zenml pipeline runs list`.,1.0,0.8881712810576885,0.9999999999,1.0
19. Como você pode visualizar os artefatos gerados pelo ZenML?,"Você pode visualizar os artefatos gerados pelo ZenML através do sistema de gerenciamento de artefatos do framework, que automaticamente rastreia código, dados e artefatos de modelo para cada execução de pipeline. Isso torna seus fluxos de trabalho de ML mais organizados e reproduzíveis.","[""Conclusion\nZenML provides a solid foundation for building production-ready ML pipelines. By following this guide, you've\nlearned how to:\n• Set up ZenML in your environment\n• Create basic pipelines with steps\n• Use advanced features like custom stacks\n• Follow best practices for ML pipeline development\nAs you continue working with ZenML, explore its integrations with other tools in the ML ecosystem. The\nframework's flexibility and extensibility make it a valuable addition to any MLOps toolkit.\nRemember, the key to successful ML pipelines is not just getting them to work, but making them reproducible,\nmaintainable, and scalable. ZenML helps achieve these goals with its structured approach to pipeline\ndevelopment.\n4 of 4 12/29/25, 16:53""
 ""pipeline versioning to artifact management, making your ML workflows more organized and reproducible.\nWhy Choose ZenML?\nBefore diving into the technical details, let's understand why ZenML might be the right choice for your ML\nprojects:\n1. Framework Agnostic: Works seamlessly with popular ML frameworks like TensorFlow, PyTorch, or\nscikit-learn.\n2. Cloud Native: Designed to run anywhere — locally, on-premise, or in the cloud.\n3. Extensible: Offers a plugin system that lets you integrate with your existing ML tools and services.\n4. Reproducible: Automatically tracks code, data, and model artifacts for each pipeline run.\nSetting Up Your ZenML Environment\nLet's start by setting up ZenML in your development environment. First, you'll need Python 3.7 or later installed.""
 'preprocessing, training, and deployment — each with their own dependencies and requirements. Enter ZenML,\nan open-source MLOps framework designed to make building and managing ML pipelines easier and more\nreproducible.\nWhat is ZenML?\nZenML is a framework that helps data scientists and ML engineers transform their ML workflows into\nproduction-ready pipelines. It provides a clean, Python-first API that makes it easy to define, run, and track your\nML experiments while following MLOps best practices.\nThink of ZenML as the glue that connects different pieces of your ML infrastructure. It handles everything from\npipeline versioning to artifact management, making your ML workflows more organized and reproducible.\nWhy Choose ZenML?']",Os artefatos podem ser visualizados programaticamente via Python API ou visualmente através do ZenML Dashboard.,0.6666666666666666,0.8266075054306423,0.9999999999666667,1.0
20. Como se inicia o painel visual (dashboard) do ZenML?,"Para iniciar o painel visual (dashboard) do ZenML, você pode utilizar o comando ""zenml up"". Isso iniciará um dashboard local onde você poderá visualizar os runs de pipeline, artefatos e métricas.","[""Conclusion\nZenML provides a solid foundation for building production-ready ML pipelines. By following this guide, you've\nlearned how to:\n• Set up ZenML in your environment\n• Create basic pipelines with steps\n• Use advanced features like custom stacks\n• Follow best practices for ML pipeline development\nAs you continue working with ZenML, explore its integrations with other tools in the ML ecosystem. The\nframework's flexibility and extensibility make it a valuable addition to any MLOps toolkit.\nRemember, the key to successful ML pipelines is not just getting them to work, but making them reproducible,\nmaintainable, and scalable. ZenML helps achieve these goals with its structured approach to pipeline\ndevelopment.\n4 of 4 12/29/25, 16:53""
 'preprocessing, training, and deployment — each with their own dependencies and requirements. Enter ZenML,\nan open-source MLOps framework designed to make building and managing ML pipelines easier and more\nreproducible.\nWhat is ZenML?\nZenML is a framework that helps data scientists and ML engineers transform their ML workflows into\nproduction-ready pipelines. It provides a clean, Python-first API that makes it easy to define, run, and track your\nML experiments while following MLOps best practices.\nThink of ZenML as the glue that connects different pieces of your ML infrastructure. It handles everything from\npipeline versioning to artifact management, making your ML workflows more organized and reproducible.\nWhy Choose ZenML?'
 ""pyproject.toml file.\n3. Documentation: Document your steps and pipelines using docstrings.\n4. Modularity: Keep steps focused on single tasks for better reusability.\n5. Error Handling: Implement proper error handling in your steps.\nMonitoring and Debugging\nZenML provides several ways to monitor and debug your pipelines:\n# List all pipeline runs\nzenml pipeline runs list\n# Get details about a specific run\nzenml pipeline runs get <run_id>\n# View run artifacts\nzenml artifact list\nYou can also use the ZenML dashboard for a visual interface:\nzenml up\nThis starts a local dashboard where you can view pipeline runs, artifacts, and metrics.\nConclusion\nZenML provides a solid foundation for building production-ready ML pipelines. By following this guide, you've\nlearned how to:""]","Para iniciar o painel visual, utiliza-se o comando `zenml up` (ou `zenml dashboard` em versões mais recentes).",1.0,0.9000819418549053,0.5833333333041666,1.0
